{
  "crawler": {
    "max_depth": 3,
    "max_pages": 10000,
    "delay_seconds": 2.0,
    "timeout_seconds": 45,
    "max_retries": 5,
    "retry_delay_seconds": 1.5,
    "respect_robots_txt": true,
    "follow_redirects": true,
    "extract_images": true,
    "extract_pdfs": true,
    "max_file_size_mb": 50,
    "user_agent_rotation": true,
    "render_javascript": true,
    "extract_image_text": true,
    "crawl_web3_content": true,
    "crawl_social_media": true,
    "extract_video_content": true
  },
  "anti_detection": {
    "stealth_mode": true,
    "fingerprint_randomization": false,
    "human_like_delays": true,
    "request_header_randomization": true,
    "browser_fingerprint_randomization": true,
    "ml_rate_optimization": true,
    "anomaly_detection_enabled": true
  },
  "rate_limiter": {
    "history_size": 20,
    "success_factor": 0.8,
    "failure_factor": 2.0,
    "min_delay": 0.2,
    "max_delay": 120.0
  },
  "proxy_management": {
    "enabled": true,
    "proxy_list": [
      {"url": "http://user1:pass1@us-proxy.com:8080", "region": "us-east"},
      {"url": "http://user2:pass2@eu-proxy.com:8080", "region": "eu-west"},
      {"url": "http://user3:pass3@asia-proxy.com:8080", "region": "asia-south"},
      {"url": "http://user4:pass4@global-proxy.com:8080", "region": "global"}
    ],
    "proxy_retry_delay_seconds": 600
  },
  "captcha_solving": {
    "enabled": true,
    "api_key": "your_production_captcha_solving_api_key_here"
  },
  "anomaly_detection": {
    "enabled": true,
    "error_rate_threshold": 0.10,
    "empty_content_threshold": 200,
    "low_link_count_threshold": 5,
    "captcha_spike_threshold": 5,
    "captcha_time_window_seconds": 120,
    "crawl_rate_drop_threshold": 0.6,
    "history_window_size": 200,
    "unexpected_status_codes": [403, 407, 429, 500, 502, 503, 504]
  },
  "browser_crawler": {
    "enabled": true,
    "headless": true,
    "browser_type": "chromium"
  },
  "social_media_crawler": {
    "enabled": true,
    "platforms": ["twitter", "facebook", "linkedin"]
  },
  "quality_assurance": {
    "content_validation": true,
    "duplicate_detection": true,
    "spam_filtering": true,
    "data_quality_scoring": true
  },
  "queue": {
    "max_retries": 5,
    "retry_delay": 10,
    "priority_levels": [1, 3, 5, 7, 10],
    "heartbeat_interval": 60,
    "stale_timeout": 120
  },
  "monitoring": {
    "dashboard_refresh": 60,
    "max_job_history": 500,
    "performance_window": 7200
  },
  "distributed_circuit_breaker": {
    "enabled": true,
    "redis_cluster": true,
    "sync_interval": 5,
    "global_thresholds": true
  },
  "advanced_session_manager": {
    "enabled": true,
    "initial_pool_size": 10,
    "max_pool_size_per_domain": 25,
    "adaptation_interval": 45
  }
}
